name,validation_bpb,parameters,train_tokens,train_seconds,seed,selected_source
eq_baseline_arch,2.0794818424787205,1088256,9830400,66.35215392700002,17,raw
eq_student_arch,1.6970464001336505,5639808,9830400,275.96997375600006,17,raw
long_8k,1.5560272076701793,5639808,65536000,1835.124612855001,17,ema
abl_no_rope,1.5592508087645358,5705344,65536000,1765.2170435840007,17,ema
abl_gelu,1.527108257538986,4460160,65536000,1633.2210736220004,17,ema
abl_layernorm,1.5582992708927736,5639808,65536000,1757.5045843440002,17,ema
abl_no_qknorm,1.5570238732668504,5639424,65536000,1704.5246333170035,17,ema
abl_no_ema,1.565581538616926,5639808,65536000,1831.6316334969997,17,raw
cap_w256_d4,1.5664523793344527,3934720,65536000,1261.2484811070026,17,ema
cap_w256_d5,1.5624541910915413,4787264,65536000,1549.7674002700005,17,ema
cap_w256_d8,1.541802602783713,7344896,65536000,2403.299311933004,17,ema
cap_w192_d6,1.5494349594390522,3271488,65536000,1300.7943510800033,17,ema
cap_w320_d4,1.5522683698297148,8647200,65536000,2352.9797587959947,17,ema
long_20k,1.5749625359137762,5639808,163840000,4588.373820214001,17,ema
